Year,Filename,Mismatches
2014,088.xlsx,16
2014,016.xlsx,20
2014,149.xlsx,1
2014,240.xlsx,302
2014,164.xlsx,139
2014,078.xlsx,442
2014,042.xlsx,9
2014,011.xlsx,22
2014,075.xlsx,304
2014,245.xlsx,6
2014,197.xlsx,338
2014,095.xlsx,570
2014,101.xlsx,292
2014,077.xlsx,358
2014,136.xlsx,9
2014,060.xlsx,17
2014,168.xlsx,45
2014,065.xlsx,13
2014,092.xlsx,13
2014,121.xlsx,257
2014,135.xlsx,12
2014,083.xlsx,11
2014,234.xlsx,1668
2014,126.xlsx,235
2014,066.xlsx,306
2014,035.xlsx,570
2014,158.xlsx,194
2014,275.xlsx,2
2014,143.xlsx,3
2014,159.xlsx,240
2014,037.xlsx,30
2014,117.xlsx,324
2014,052.xlsx,302
2014,098.xlsx,528
2014,094.xlsx,13
2014,185.xlsx,300
2014,267.xlsx,15
2014,198.xlsx,315
2014,249.xlsx,19
2014,061.xlsx,32
2014,057.xlsx,330
2014,178.xlsx,285
2014,278.xlsx,302
2014,081.xlsx,303
2014,130.xlsx,44
2014,107.xlsx,1
2014,216.xlsx,2
2014,210.xlsx,3
2014,122.xlsx,303
2014,269.xlsx,10
2014,058.xlsx,436
2014,076.xlsx,304
2014,018.xlsx,23
2014,258.xlsx,372
2014,273.xlsx,2
2014,144.xlsx,1
2014,285.xlsx,23
2014,220.xlsx,1
2014,131.xlsx,3
2014,041.xlsx,18
2014,155.xlsx,288
2014,183.xlsx,270
2014,105.xlsx,5
2014,167.xlsx,49
2014,087.xlsx,303
2014,056.xlsx,298
2014,213.xlsx,364
2014,091.xlsx,331
2014,112.xlsx,1
2014,265.xlsx,12
2014,222.xlsx,1
2014,021.xlsx,308
2014,040.xlsx,17
2014,119.xlsx,289
2014,237.xlsx,306
2014,027.xlsx,21
2014,110.xlsx,304
2014,148.xlsx,1
2014,008.xlsx,302
2014,230.xlsx,2
2014,151.xlsx,3
2014,261.xlsx,400
2014,072.xlsx,333
2014,014.xlsx,24
2014,032.xlsx,373
2014,238.xlsx,421
2014,137.xlsx,3
2014,089.xlsx,335
2014,071.xlsx,329
2014,096.xlsx,462
2014,161.xlsx,2
2014,225.xlsx,1
2014,201.xlsx,1
2014,192.xlsx,66
2014,020.xlsx,347
2014,086.xlsx,337
2014,191.xlsx,74
2014,108.xlsx,6
2014,026.xlsx,22
2014,152.xlsx,2
2014,142.xlsx,2
2014,140.xlsx,1
2014,263.xlsx,57
2014,012.xlsx,20
2014,154.xlsx,2
2014,259.xlsx,336
2014,132.xlsx,174
2014,182.xlsx,225
2014,248.xlsx,2
2014,257.xlsx,350
2014,246.xlsx,303
2014,024.xlsx,24
2014,227.xlsx,1
2014,281.xlsx,23
2014,128.xlsx,324
2014,009.xlsx,322
2014,286.xlsx,23
2014,141.xlsx,2
2014,264.xlsx,59
2014,134.xlsx,15
2014,043.xlsx,278
2014,019.xlsx,23
2014,187.xlsx,315
2014,163.xlsx,330
2014,190.xlsx,1
2014,067.xlsx,270
2014,262.xlsx,429
2014,051.xlsx,388
2014,046.xlsx,259
2014,017.xlsx,25
2014,102.xlsx,329
2014,062.xlsx,15
2014,129.xlsx,260
2014,218.xlsx,8
2014,195.xlsx,329
2014,090.xlsx,343
2014,186.xlsx,75
2014,202.xlsx,1
2014,038.xlsx,11
2014,256.xlsx,442
2014,193.xlsx,8
2014,106.xlsx,317
2014,073.xlsx,315
2014,127.xlsx,269
2014,074.xlsx,307
2014,133.xlsx,4
2014,282.xlsx,23
2014,189.xlsx,1
2014,084.xlsx,13
2014,208.xlsx,2
2014,093.xlsx,12
2014,050.xlsx,354
2014,002.xlsx,299
2014,059.xlsx,350
2014,049.xlsx,341
2014,199.xlsx,1
2014,166.xlsx,1
2014,145.xlsx,2
2014,169.xlsx,1
2014,242.xlsx,339
2014,194.xlsx,70
2014,115.xlsx,54
2014,063.xlsx,320
2014,079.xlsx,383
2014,200.xlsx,2
2014,123.xlsx,291
2014,047.xlsx,20
2014,048.xlsx,35
2014,033.xlsx,343
2014,153.xlsx,5
2014,064.xlsx,16
2014,221.xlsx,1
2014,266.xlsx,15
2014,276.xlsx,3
2014,239.xlsx,323
2014,196.xlsx,305
2014,287.xlsx,22
2014,241.xlsx,371
2014,023.xlsx,21
2014,157.xlsx,1
2014,176.xlsx,151
2014,207.xlsx,344
2014,044.xlsx,118
2014,100.xlsx,507
2014,029.xlsx,163
2014,243.xlsx,358
2014,120.xlsx,280
2014,260.xlsx,303
2014,139.xlsx,9
2014,146.xlsx,2
2014,045.xlsx,54
2014,288.xlsx,46
2014,174.xlsx,89
2014,204.xlsx,21
2014,125.xlsx,311
2014,004.xlsx,300
2014,175.xlsx,85
2014,231.xlsx,8
2014,069.xlsx,286
2014,177.xlsx,48
2014,099.xlsx,507
2014,003.xlsx,325
2014,030.xlsx,270
2014,206.xlsx,400
2014,085.xlsx,290
2014,124.xlsx,274
2014,054.xlsx,272
2014,013.xlsx,431
2014,244.xlsx,315
2014,022.xlsx,21
2014,039.xlsx,10
2014,211.xlsx,1
2014,001.xlsx,301
2014,109.xlsx,1
2014,006.xlsx,254
2014,055.xlsx,288
2014,180.xlsx,238
2014,236.xlsx,321
2014,104.xlsx,287
2014,165.xlsx,Error
2014,118.xlsx,261
2014,255.xlsx,341
2014,150.xlsx,7
2014,268.xlsx,11
2014,005.xlsx,339
2014,233.xlsx,43
2014,114.xlsx,53
2014,025.xlsx,23
2014,270.xlsx,11
2014,036.xlsx,354
2014,028.xlsx,9
2014,160.xlsx,1
2014,111.xlsx,1
2014,235.xlsx,114
2014,015.xlsx,23
2014,181.xlsx,269
2014,138.xlsx,7
2014,203.xlsx,1
